Name,position
/home/tony/fall_research/fall_data/SisFall_dataset/SisFall_dataset/SA01/D07_SA01_R05.csv,2
/home/tony/fall_research/fall_data/SisFall_dataset/SisFall_dataset/SA01/D09_SA01_R01.csv,3
/home/tony/fall_research/fall_data/SisFall_dataset/SisFall_dataset/SA01/D07_SA01_R01.csv,4
/home/tony/fall_research/fall_data/SisFall_dataset/SisFall_dataset/SA01/D10_SA01_R03.csv,5
/home/tony/fall_research/fall_data/SisFall_dataset/SisFall_dataset/SA01/D08_SA01_R01.csv,6
/home/tony/fall_research/fall_data/SisFall_dataset/SisFall_dataset/SA01/D09_SA01_R05.csv,7
/home/tony/fall_research/fall_data/SisFall_dataset/SisFall_dataset/SA01/D10_SA01_R04.csv,8
/home/tony/fall_research/fall_data/SisFall_dataset/SisFall_dataset/SA01/D07_SA01_R04.csv,9
/home/tony/fall_research/fall_data/SisFall_dataset/SisFall_dataset/SA01/D10_SA01_R01.csv,10
/home/tony/fall_research/fall_data/SisFall_dataset/SisFall_dataset/SA01/D09_SA01_R02.csv,11
/home/tony/fall_research/fall_data/SisFall_dataset/SisFall_dataset/SA01/D08_SA01_R02.csv,12
/home/tony/fall_research/fall_data/SisFall_dataset/SisFall_dataset/SA01/D09_SA01_R03.csv,13
/home/tony/fall_research/fall_data/SisFall_dataset/SisFall_dataset/SA01/D07_SA01_R02.csv,14
/home/tony/fall_research/fall_data/SisFall_dataset/SisFall_dataset/SA01/D08_SA01_R03.csv,15
/home/tony/fall_research/fall_data/SisFall_dataset/SisFall_dataset/SA01/D08_SA01_R04.csv,16
/home/tony/fall_research/fall_data/SisFall_dataset/SisFall_dataset/SA01/D10_SA01_R02.csv,17
/home/tony/fall_research/fall_data/SisFall_dataset/SisFall_dataset/SA01/D10_SA01_R05.csv,18
/home/tony/fall_research/fall_data/SisFall_dataset/SisFall_dataset/SA01/D08_SA01_R05.csv,19
/home/tony/fall_research/fall_data/SisFall_dataset/SisFall_dataset/SA01/D07_SA01_R03.csv,20
/home/tony/fall_research/fall_data/SisFall_dataset/SisFall_dataset/SA01/D09_SA01_R04.csv,21
/home/tony/fall_research/fall_data/SisFall_dataset/SisFall_dataset/SA02/D09_SA02_R01.csv,22
/home/tony/fall_research/fall_data/SisFall_dataset/SisFall_dataset/SA02/D07_SA02_R05.csv,23
/home/tony/fall_research/fall_data/SisFall_dataset/SisFall_dataset/SA02/D10_SA02_R04.csv,24
/home/tony/fall_research/fall_data/SisFall_dataset/SisFall_dataset/SA02/D08_SA02_R04.csv,25
/home/tony/fall_research/fall_data/SisFall_dataset/SisFall_dataset/SA02/D09_SA02_R03.csv,26
/home/tony/fall_research/fall_data/SisFall_dataset/SisFall_dataset/SA02/D08_SA02_R03.csv,27
/home/tony/fall_research/fall_data/SisFall_dataset/SisFall_dataset/SA02/D07_SA02_R03.csv,28
/home/tony/fall_research/fall_data/SisFall_dataset/SisFall_dataset/SA02/D08_SA02_R05.csv,29
/home/tony/fall_research/fall_data/SisFall_dataset/SisFall_dataset/SA02/D07_SA02_R01.csv,30
/home/tony/fall_research/fall_data/SisFall_dataset/SisFall_dataset/SA02/D07_SA02_R02.csv,31
/home/tony/fall_research/fall_data/SisFall_dataset/SisFall_dataset/SA02/D10_SA02_R01.csv,32
/home/tony/fall_research/fall_data/SisFall_dataset/SisFall_dataset/SA02/D07_SA02_R04.csv,33
/home/tony/fall_research/fall_data/SisFall_dataset/SisFall_dataset/SA02/D09_SA02_R04.csv,34
/home/tony/fall_research/fall_data/SisFall_dataset/SisFall_dataset/SA02/D08_SA02_R02.csv,35
/home/tony/fall_research/fall_data/SisFall_dataset/SisFall_dataset/SA02/D10_SA02_R05.csv,36
/home/tony/fall_research/fall_data/SisFall_dataset/SisFall_dataset/SA02/D10_SA02_R03.csv,37
/home/tony/fall_research/fall_data/SisFall_dataset/SisFall_dataset/SA02/D09_SA02_R05.csv,38
/home/tony/fall_research/fall_data/SisFall_dataset/SisFall_dataset/SA02/D08_SA02_R01.csv,39
/home/tony/fall_research/fall_data/SisFall_dataset/SisFall_dataset/SA02/D09_SA02_R02.csv,40
/home/tony/fall_research/fall_data/SisFall_dataset/SisFall_dataset/SA02/D10_SA02_R02.csv,41
/home/tony/fall_research/fall_data/SisFall_dataset/SisFall_dataset/SA03/D07_SA03_R04.csv,42
/home/tony/fall_research/fall_data/SisFall_dataset/SisFall_dataset/SA03/D08_SA03_R02.csv,43
/home/tony/fall_research/fall_data/SisFall_dataset/SisFall_dataset/SA03/D10_SA03_R03.csv,44
/home/tony/fall_research/fall_data/SisFall_dataset/SisFall_dataset/SA03/D08_SA03_R03.csv,45
/home/tony/fall_research/fall_data/SisFall_dataset/SisFall_dataset/SA03/D09_SA03_R01.csv,46
/home/tony/fall_research/fall_data/SisFall_dataset/SisFall_dataset/SA03/D07_SA03_R03.csv,47
/home/tony/fall_research/fall_data/SisFall_dataset/SisFall_dataset/SA03/D10_SA03_R02.csv,48
/home/tony/fall_research/fall_data/SisFall_dataset/SisFall_dataset/SA03/D09_SA03_R05.csv,49
/home/tony/fall_research/fall_data/SisFall_dataset/SisFall_dataset/SA03/D10_SA03_R05.csv,50
/home/tony/fall_research/fall_data/SisFall_dataset/SisFall_dataset/SA03/D09_SA03_R03.csv,51
/home/tony/fall_research/fall_data/SisFall_dataset/SisFall_dataset/SA03/D07_SA03_R05.csv,52
/home/tony/fall_research/fall_data/SisFall_dataset/SisFall_dataset/SA03/D07_SA03_R01.csv,53
/home/tony/fall_research/fall_data/SisFall_dataset/SisFall_dataset/SA03/D08_SA03_R04.csv,54
/home/tony/fall_research/fall_data/SisFall_dataset/SisFall_dataset/SA03/D08_SA03_R05.csv,55
/home/tony/fall_research/fall_data/SisFall_dataset/SisFall_dataset/SA03/D08_SA03_R01.csv,56
/home/tony/fall_research/fall_data/SisFall_dataset/SisFall_dataset/SA03/D09_SA03_R04.csv,57
/home/tony/fall_research/fall_data/SisFall_dataset/SisFall_dataset/SA03/D10_SA03_R01.csv,58
/home/tony/fall_research/fall_data/SisFall_dataset/SisFall_dataset/SA03/D07_SA03_R02.csv,59
/home/tony/fall_research/fall_data/SisFall_dataset/SisFall_dataset/SA03/D09_SA03_R02.csv,60
/home/tony/fall_research/fall_data/SisFall_dataset/SisFall_dataset/SA03/D10_SA03_R04.csv,61
/home/tony/fall_research/fall_data/SisFall_dataset/SisFall_dataset/SA04/D08_SA04_R05.csv,62
/home/tony/fall_research/fall_data/SisFall_dataset/SisFall_dataset/SA04/D09_SA04_R01.csv,63
/home/tony/fall_research/fall_data/SisFall_dataset/SisFall_dataset/SA04/D08_SA04_R02.csv,64
/home/tony/fall_research/fall_data/SisFall_dataset/SisFall_dataset/SA04/D09_SA04_R03.csv,65
/home/tony/fall_research/fall_data/SisFall_dataset/SisFall_dataset/SA04/D07_SA04_R05.csv,66
/home/tony/fall_research/fall_data/SisFall_dataset/SisFall_dataset/SA04/D08_SA04_R04.csv,67
/home/tony/fall_research/fall_data/SisFall_dataset/SisFall_dataset/SA04/D10_SA04_R01.csv,68
/home/tony/fall_research/fall_data/SisFall_dataset/SisFall_dataset/SA04/D10_SA04_R03.csv,69
/home/tony/fall_research/fall_data/SisFall_dataset/SisFall_dataset/SA04/D07_SA04_R01.csv,70
/home/tony/fall_research/fall_data/SisFall_dataset/SisFall_dataset/SA04/D09_SA04_R02.csv,71
/home/tony/fall_research/fall_data/SisFall_dataset/SisFall_dataset/SA04/D10_SA04_R04.csv,72
/home/tony/fall_research/fall_data/SisFall_dataset/SisFall_dataset/SA04/D08_SA04_R01.csv,73
/home/tony/fall_research/fall_data/SisFall_dataset/SisFall_dataset/SA04/D08_SA04_R03.csv,74
/home/tony/fall_research/fall_data/SisFall_dataset/SisFall_dataset/SA04/D09_SA04_R05.csv,75
/home/tony/fall_research/fall_data/SisFall_dataset/SisFall_dataset/SA04/D07_SA04_R02.csv,76
/home/tony/fall_research/fall_data/SisFall_dataset/SisFall_dataset/SA04/D07_SA04_R04.csv,77
/home/tony/fall_research/fall_data/SisFall_dataset/SisFall_dataset/SA04/D10_SA04_R02.csv,78
/home/tony/fall_research/fall_data/SisFall_dataset/SisFall_dataset/SA04/D09_SA04_R04.csv,79
/home/tony/fall_research/fall_data/SisFall_dataset/SisFall_dataset/SA04/D07_SA04_R03.csv,80
/home/tony/fall_research/fall_data/SisFall_dataset/SisFall_dataset/SA04/D10_SA04_R05.csv,81
/home/tony/fall_research/fall_data/SisFall_dataset/SisFall_dataset/SA05/D10_SA05_R04.csv,82
/home/tony/fall_research/fall_data/SisFall_dataset/SisFall_dataset/SA05/D10_SA05_R03.csv,83
/home/tony/fall_research/fall_data/SisFall_dataset/SisFall_dataset/SA05/D08_SA05_R05.csv,84
/home/tony/fall_research/fall_data/SisFall_dataset/SisFall_dataset/SA05/D07_SA05_R03.csv,85
/home/tony/fall_research/fall_data/SisFall_dataset/SisFall_dataset/SA05/D09_SA05_R04.csv,86
/home/tony/fall_research/fall_data/SisFall_dataset/SisFall_dataset/SA05/D08_SA05_R01.csv,87
/home/tony/fall_research/fall_data/SisFall_dataset/SisFall_dataset/SA05/D10_SA05_R01.csv,88
/home/tony/fall_research/fall_data/SisFall_dataset/SisFall_dataset/SA05/D08_SA05_R04.csv,89
/home/tony/fall_research/fall_data/SisFall_dataset/SisFall_dataset/SA05/D07_SA05_R05.csv,90
/home/tony/fall_research/fall_data/SisFall_dataset/SisFall_dataset/SA05/D10_SA05_R05.csv,91
/home/tony/fall_research/fall_data/SisFall_dataset/SisFall_dataset/SA05/D07_SA05_R02.csv,92
/home/tony/fall_research/fall_data/SisFall_dataset/SisFall_dataset/SA05/D07_SA05_R04.csv,93
/home/tony/fall_research/fall_data/SisFall_dataset/SisFall_dataset/SA05/D07_SA05_R01.csv,94
/home/tony/fall_research/fall_data/SisFall_dataset/SisFall_dataset/SA05/D09_SA05_R05.csv,95
/home/tony/fall_research/fall_data/SisFall_dataset/SisFall_dataset/SA05/D10_SA05_R02.csv,96
/home/tony/fall_research/fall_data/SisFall_dataset/SisFall_dataset/SA05/D08_SA05_R02.csv,97
/home/tony/fall_research/fall_data/SisFall_dataset/SisFall_dataset/SA05/D09_SA05_R02.csv,98
/home/tony/fall_research/fall_data/SisFall_dataset/SisFall_dataset/SA05/D09_SA05_R03.csv,99
/home/tony/fall_research/fall_data/SisFall_dataset/SisFall_dataset/SA05/D09_SA05_R01.csv,100
/home/tony/fall_research/fall_data/SisFall_dataset/SisFall_dataset/SA05/D08_SA05_R03.csv,101
/home/tony/fall_research/fall_data/SisFall_dataset/SisFall_dataset/SA06/D08_SA06_R03.csv,102
/home/tony/fall_research/fall_data/SisFall_dataset/SisFall_dataset/SA06/D10_SA06_R02.csv,103
/home/tony/fall_research/fall_data/SisFall_dataset/SisFall_dataset/SA06/D10_SA06_R05.csv,104
/home/tony/fall_research/fall_data/SisFall_dataset/SisFall_dataset/SA06/D08_SA06_R05.csv,105
/home/tony/fall_research/fall_data/SisFall_dataset/SisFall_dataset/SA06/D10_SA06_R04.csv,106
/home/tony/fall_research/fall_data/SisFall_dataset/SisFall_dataset/SA06/D07_SA06_R03.csv,107
/home/tony/fall_research/fall_data/SisFall_dataset/SisFall_dataset/SA06/D07_SA06_R02.csv,108
/home/tony/fall_research/fall_data/SisFall_dataset/SisFall_dataset/SA06/D08_SA06_R01.csv,109
/home/tony/fall_research/fall_data/SisFall_dataset/SisFall_dataset/SA06/D07_SA06_R05.csv,110
/home/tony/fall_research/fall_data/SisFall_dataset/SisFall_dataset/SA06/D09_SA06_R01.csv,111
/home/tony/fall_research/fall_data/SisFall_dataset/SisFall_dataset/SA06/D09_SA06_R04.csv,112
/home/tony/fall_research/fall_data/SisFall_dataset/SisFall_dataset/SA06/D07_SA06_R04.csv,113
/home/tony/fall_research/fall_data/SisFall_dataset/SisFall_dataset/SA06/D09_SA06_R03.csv,114
/home/tony/fall_research/fall_data/SisFall_dataset/SisFall_dataset/SA06/D09_SA06_R05.csv,115
/home/tony/fall_research/fall_data/SisFall_dataset/SisFall_dataset/SA06/D08_SA06_R04.csv,116
/home/tony/fall_research/fall_data/SisFall_dataset/SisFall_dataset/SA06/D08_SA06_R02.csv,117
/home/tony/fall_research/fall_data/SisFall_dataset/SisFall_dataset/SA06/D10_SA06_R03.csv,118
/home/tony/fall_research/fall_data/SisFall_dataset/SisFall_dataset/SA06/D10_SA06_R01.csv,119
/home/tony/fall_research/fall_data/SisFall_dataset/SisFall_dataset/SA06/D09_SA06_R02.csv,120
/home/tony/fall_research/fall_data/SisFall_dataset/SisFall_dataset/SA06/D07_SA06_R01.csv,121
/home/tony/fall_research/fall_data/SisFall_dataset/SisFall_dataset/SA07/D08_SA07_R03.csv,122
/home/tony/fall_research/fall_data/SisFall_dataset/SisFall_dataset/SA07/D08_SA07_R01.csv,123
/home/tony/fall_research/fall_data/SisFall_dataset/SisFall_dataset/SA07/D09_SA07_R02.csv,124
/home/tony/fall_research/fall_data/SisFall_dataset/SisFall_dataset/SA07/D09_SA07_R05.csv,125
/home/tony/fall_research/fall_data/SisFall_dataset/SisFall_dataset/SA07/D08_SA07_R05.csv,126
/home/tony/fall_research/fall_data/SisFall_dataset/SisFall_dataset/SA07/D08_SA07_R04.csv,127
/home/tony/fall_research/fall_data/SisFall_dataset/SisFall_dataset/SA07/D10_SA07_R03.csv,128
/home/tony/fall_research/fall_data/SisFall_dataset/SisFall_dataset/SA07/D10_SA07_R05.csv,129
/home/tony/fall_research/fall_data/SisFall_dataset/SisFall_dataset/SA07/D07_SA07_R03.csv,130
/home/tony/fall_research/fall_data/SisFall_dataset/SisFall_dataset/SA07/D10_SA07_R01.csv,131
/home/tony/fall_research/fall_data/SisFall_dataset/SisFall_dataset/SA07/D09_SA07_R04.csv,132
/home/tony/fall_research/fall_data/SisFall_dataset/SisFall_dataset/SA07/D09_SA07_R03.csv,133
/home/tony/fall_research/fall_data/SisFall_dataset/SisFall_dataset/SA07/D10_SA07_R02.csv,134
/home/tony/fall_research/fall_data/SisFall_dataset/SisFall_dataset/SA07/D07_SA07_R05.csv,135
/home/tony/fall_research/fall_data/SisFall_dataset/SisFall_dataset/SA07/D10_SA07_R04.csv,136
/home/tony/fall_research/fall_data/SisFall_dataset/SisFall_dataset/SA07/D08_SA07_R02.csv,137
/home/tony/fall_research/fall_data/SisFall_dataset/SisFall_dataset/SA07/D07_SA07_R01.csv,138
/home/tony/fall_research/fall_data/SisFall_dataset/SisFall_dataset/SA07/D07_SA07_R04.csv,139
/home/tony/fall_research/fall_data/SisFall_dataset/SisFall_dataset/SA07/D09_SA07_R01.csv,140
/home/tony/fall_research/fall_data/SisFall_dataset/SisFall_dataset/SA07/D07_SA07_R02.csv,141
/home/tony/fall_research/fall_data/SisFall_dataset/SisFall_dataset/SA08/D10_SA08_R02.csv,142
/home/tony/fall_research/fall_data/SisFall_dataset/SisFall_dataset/SA08/D08_SA08_R05.csv,143
/home/tony/fall_research/fall_data/SisFall_dataset/SisFall_dataset/SA08/D10_SA08_R03.csv,144
/home/tony/fall_research/fall_data/SisFall_dataset/SisFall_dataset/SA08/D09_SA08_R01.csv,145
/home/tony/fall_research/fall_data/SisFall_dataset/SisFall_dataset/SA08/D08_SA08_R01.csv,146
/home/tony/fall_research/fall_data/SisFall_dataset/SisFall_dataset/SA08/D07_SA08_R01.csv,147
/home/tony/fall_research/fall_data/SisFall_dataset/SisFall_dataset/SA08/D07_SA08_R02.csv,148
/home/tony/fall_research/fall_data/SisFall_dataset/SisFall_dataset/SA08/D09_SA08_R04.csv,149
/home/tony/fall_research/fall_data/SisFall_dataset/SisFall_dataset/SA08/D07_SA08_R04.csv,150
/home/tony/fall_research/fall_data/SisFall_dataset/SisFall_dataset/SA08/D09_SA08_R02.csv,151
/home/tony/fall_research/fall_data/SisFall_dataset/SisFall_dataset/SA08/D10_SA08_R01.csv,152
/home/tony/fall_research/fall_data/SisFall_dataset/SisFall_dataset/SA08/D07_SA08_R05.csv,153
/home/tony/fall_research/fall_data/SisFall_dataset/SisFall_dataset/SA08/D09_SA08_R03.csv,154
/home/tony/fall_research/fall_data/SisFall_dataset/SisFall_dataset/SA08/D08_SA08_R02.csv,155
/home/tony/fall_research/fall_data/SisFall_dataset/SisFall_dataset/SA08/D09_SA08_R05.csv,156
/home/tony/fall_research/fall_data/SisFall_dataset/SisFall_dataset/SA08/D10_SA08_R05.csv,157
/home/tony/fall_research/fall_data/SisFall_dataset/SisFall_dataset/SA08/D07_SA08_R03.csv,158
/home/tony/fall_research/fall_data/SisFall_dataset/SisFall_dataset/SA08/D08_SA08_R04.csv,159
/home/tony/fall_research/fall_data/SisFall_dataset/SisFall_dataset/SA08/D08_SA08_R03.csv,160
/home/tony/fall_research/fall_data/SisFall_dataset/SisFall_dataset/SA08/D10_SA08_R04.csv,161
/home/tony/fall_research/fall_data/SisFall_dataset/SisFall_dataset/SA09/D10_SA09_R01.csv,162
/home/tony/fall_research/fall_data/SisFall_dataset/SisFall_dataset/SA09/D08_SA09_R04.csv,163
/home/tony/fall_research/fall_data/SisFall_dataset/SisFall_dataset/SA09/D10_SA09_R02.csv,164
/home/tony/fall_research/fall_data/SisFall_dataset/SisFall_dataset/SA09/D07_SA09_R03.csv,165
/home/tony/fall_research/fall_data/SisFall_dataset/SisFall_dataset/SA09/D10_SA09_R03.csv,166
/home/tony/fall_research/fall_data/SisFall_dataset/SisFall_dataset/SA09/D09_SA09_R05.csv,167
/home/tony/fall_research/fall_data/SisFall_dataset/SisFall_dataset/SA09/D08_SA09_R03.csv,168
/home/tony/fall_research/fall_data/SisFall_dataset/SisFall_dataset/SA09/D10_SA09_R05.csv,169
/home/tony/fall_research/fall_data/SisFall_dataset/SisFall_dataset/SA09/D10_SA09_R04.csv,170
/home/tony/fall_research/fall_data/SisFall_dataset/SisFall_dataset/SA09/D09_SA09_R02.csv,171
/home/tony/fall_research/fall_data/SisFall_dataset/SisFall_dataset/SA09/D09_SA09_R01.csv,172
/home/tony/fall_research/fall_data/SisFall_dataset/SisFall_dataset/SA09/D09_SA09_R03.csv,173
/home/tony/fall_research/fall_data/SisFall_dataset/SisFall_dataset/SA09/D08_SA09_R01.csv,174
/home/tony/fall_research/fall_data/SisFall_dataset/SisFall_dataset/SA09/D08_SA09_R02.csv,175
/home/tony/fall_research/fall_data/SisFall_dataset/SisFall_dataset/SA09/D08_SA09_R05.csv,176
/home/tony/fall_research/fall_data/SisFall_dataset/SisFall_dataset/SA09/D07_SA09_R04.csv,177
/home/tony/fall_research/fall_data/SisFall_dataset/SisFall_dataset/SA09/D07_SA09_R02.csv,178
/home/tony/fall_research/fall_data/SisFall_dataset/SisFall_dataset/SA09/D09_SA09_R04.csv,179
/home/tony/fall_research/fall_data/SisFall_dataset/SisFall_dataset/SA09/D07_SA09_R05.csv,180
/home/tony/fall_research/fall_data/SisFall_dataset/SisFall_dataset/SA09/D07_SA09_R01.csv,181
/home/tony/fall_research/fall_data/SisFall_dataset/SisFall_dataset/SA10/D09_SA10_R03.csv,182
/home/tony/fall_research/fall_data/SisFall_dataset/SisFall_dataset/SA10/D10_SA10_R05.csv,183
/home/tony/fall_research/fall_data/SisFall_dataset/SisFall_dataset/SA10/D08_SA10_R01.csv,184
/home/tony/fall_research/fall_data/SisFall_dataset/SisFall_dataset/SA10/D07_SA10_R04.csv,185
/home/tony/fall_research/fall_data/SisFall_dataset/SisFall_dataset/SA10/D09_SA10_R02.csv,186
/home/tony/fall_research/fall_data/SisFall_dataset/SisFall_dataset/SA10/D08_SA10_R05.csv,187
/home/tony/fall_research/fall_data/SisFall_dataset/SisFall_dataset/SA10/D07_SA10_R01.csv,188
/home/tony/fall_research/fall_data/SisFall_dataset/SisFall_dataset/SA10/D07_SA10_R02.csv,189
/home/tony/fall_research/fall_data/SisFall_dataset/SisFall_dataset/SA10/D07_SA10_R03.csv,190
/home/tony/fall_research/fall_data/SisFall_dataset/SisFall_dataset/SA10/D09_SA10_R01.csv,191
/home/tony/fall_research/fall_data/SisFall_dataset/SisFall_dataset/SA10/D09_SA10_R05.csv,192
/home/tony/fall_research/fall_data/SisFall_dataset/SisFall_dataset/SA10/D10_SA10_R03.csv,193
/home/tony/fall_research/fall_data/SisFall_dataset/SisFall_dataset/SA10/D10_SA10_R02.csv,194
/home/tony/fall_research/fall_data/SisFall_dataset/SisFall_dataset/SA10/D10_SA10_R04.csv,195
/home/tony/fall_research/fall_data/SisFall_dataset/SisFall_dataset/SA10/D10_SA10_R01.csv,196
/home/tony/fall_research/fall_data/SisFall_dataset/SisFall_dataset/SA10/D09_SA10_R04.csv,197
/home/tony/fall_research/fall_data/SisFall_dataset/SisFall_dataset/SA10/D08_SA10_R02.csv,198
/home/tony/fall_research/fall_data/SisFall_dataset/SisFall_dataset/SA10/D08_SA10_R04.csv,199
/home/tony/fall_research/fall_data/SisFall_dataset/SisFall_dataset/SA10/D07_SA10_R05.csv,200
/home/tony/fall_research/fall_data/SisFall_dataset/SisFall_dataset/SA10/D08_SA10_R03.csv,201
/home/tony/fall_research/fall_data/SisFall_dataset/SisFall_dataset/SA11/D08_SA11_R03.csv,202
/home/tony/fall_research/fall_data/SisFall_dataset/SisFall_dataset/SA11/D08_SA11_R04.csv,203
/home/tony/fall_research/fall_data/SisFall_dataset/SisFall_dataset/SA11/D09_SA11_R01.csv,204
/home/tony/fall_research/fall_data/SisFall_dataset/SisFall_dataset/SA11/D07_SA11_R04.csv,205
/home/tony/fall_research/fall_data/SisFall_dataset/SisFall_dataset/SA11/D10_SA11_R01.csv,206
/home/tony/fall_research/fall_data/SisFall_dataset/SisFall_dataset/SA11/D07_SA11_R05.csv,207
/home/tony/fall_research/fall_data/SisFall_dataset/SisFall_dataset/SA11/D08_SA11_R01.csv,208
/home/tony/fall_research/fall_data/SisFall_dataset/SisFall_dataset/SA11/D09_SA11_R03.csv,209
/home/tony/fall_research/fall_data/SisFall_dataset/SisFall_dataset/SA11/D09_SA11_R04.csv,210
/home/tony/fall_research/fall_data/SisFall_dataset/SisFall_dataset/SA11/D10_SA11_R02.csv,211
/home/tony/fall_research/fall_data/SisFall_dataset/SisFall_dataset/SA11/D10_SA11_R05.csv,212
/home/tony/fall_research/fall_data/SisFall_dataset/SisFall_dataset/SA11/D09_SA11_R02.csv,213
/home/tony/fall_research/fall_data/SisFall_dataset/SisFall_dataset/SA11/D08_SA11_R05.csv,214
/home/tony/fall_research/fall_data/SisFall_dataset/SisFall_dataset/SA11/D07_SA11_R03.csv,215
/home/tony/fall_research/fall_data/SisFall_dataset/SisFall_dataset/SA11/D07_SA11_R01.csv,216
/home/tony/fall_research/fall_data/SisFall_dataset/SisFall_dataset/SA11/D10_SA11_R04.csv,217
/home/tony/fall_research/fall_data/SisFall_dataset/SisFall_dataset/SA11/D08_SA11_R02.csv,218
/home/tony/fall_research/fall_data/SisFall_dataset/SisFall_dataset/SA11/D09_SA11_R05.csv,219
/home/tony/fall_research/fall_data/SisFall_dataset/SisFall_dataset/SA11/D10_SA11_R03.csv,220
/home/tony/fall_research/fall_data/SisFall_dataset/SisFall_dataset/SA11/D07_SA11_R02.csv,221
/home/tony/fall_research/fall_data/SisFall_dataset/SisFall_dataset/SA12/D08_SA12_R03.csv,222
/home/tony/fall_research/fall_data/SisFall_dataset/SisFall_dataset/SA12/D07_SA12_R02.csv,223
/home/tony/fall_research/fall_data/SisFall_dataset/SisFall_dataset/SA12/D08_SA12_R04.csv,224
/home/tony/fall_research/fall_data/SisFall_dataset/SisFall_dataset/SA12/D10_SA12_R04.csv,225
/home/tony/fall_research/fall_data/SisFall_dataset/SisFall_dataset/SA12/D07_SA12_R03.csv,226
/home/tony/fall_research/fall_data/SisFall_dataset/SisFall_dataset/SA12/D10_SA12_R01.csv,227
/home/tony/fall_research/fall_data/SisFall_dataset/SisFall_dataset/SA12/D08_SA12_R02.csv,228
/home/tony/fall_research/fall_data/SisFall_dataset/SisFall_dataset/SA12/D09_SA12_R03.csv,229
/home/tony/fall_research/fall_data/SisFall_dataset/SisFall_dataset/SA12/D07_SA12_R05.csv,230
/home/tony/fall_research/fall_data/SisFall_dataset/SisFall_dataset/SA12/D10_SA12_R02.csv,231
/home/tony/fall_research/fall_data/SisFall_dataset/SisFall_dataset/SA12/D09_SA12_R05.csv,232
/home/tony/fall_research/fall_data/SisFall_dataset/SisFall_dataset/SA12/D07_SA12_R01.csv,233
/home/tony/fall_research/fall_data/SisFall_dataset/SisFall_dataset/SA12/D08_SA12_R01.csv,234
/home/tony/fall_research/fall_data/SisFall_dataset/SisFall_dataset/SA12/D09_SA12_R01.csv,235
/home/tony/fall_research/fall_data/SisFall_dataset/SisFall_dataset/SA12/D08_SA12_R05.csv,236
/home/tony/fall_research/fall_data/SisFall_dataset/SisFall_dataset/SA12/D10_SA12_R03.csv,237
/home/tony/fall_research/fall_data/SisFall_dataset/SisFall_dataset/SA12/D09_SA12_R02.csv,238
/home/tony/fall_research/fall_data/SisFall_dataset/SisFall_dataset/SA12/D09_SA12_R04.csv,239
/home/tony/fall_research/fall_data/SisFall_dataset/SisFall_dataset/SA12/D07_SA12_R04.csv,240
/home/tony/fall_research/fall_data/SisFall_dataset/SisFall_dataset/SA12/D10_SA12_R05.csv,241
/home/tony/fall_research/fall_data/SisFall_dataset/SisFall_dataset/SA13/D10_SA13_R04.csv,242
/home/tony/fall_research/fall_data/SisFall_dataset/SisFall_dataset/SA13/D07_SA13_R05.csv,243
/home/tony/fall_research/fall_data/SisFall_dataset/SisFall_dataset/SA13/D07_SA13_R03.csv,244
/home/tony/fall_research/fall_data/SisFall_dataset/SisFall_dataset/SA13/D09_SA13_R01.csv,245
/home/tony/fall_research/fall_data/SisFall_dataset/SisFall_dataset/SA13/D08_SA13_R01.csv,246
/home/tony/fall_research/fall_data/SisFall_dataset/SisFall_dataset/SA13/D09_SA13_R04.csv,247
/home/tony/fall_research/fall_data/SisFall_dataset/SisFall_dataset/SA13/D07_SA13_R04.csv,248
/home/tony/fall_research/fall_data/SisFall_dataset/SisFall_dataset/SA13/D10_SA13_R01.csv,249
/home/tony/fall_research/fall_data/SisFall_dataset/SisFall_dataset/SA13/D09_SA13_R03.csv,250
/home/tony/fall_research/fall_data/SisFall_dataset/SisFall_dataset/SA13/D08_SA13_R03.csv,251
/home/tony/fall_research/fall_data/SisFall_dataset/SisFall_dataset/SA13/D08_SA13_R02.csv,252
/home/tony/fall_research/fall_data/SisFall_dataset/SisFall_dataset/SA13/D08_SA13_R04.csv,253
/home/tony/fall_research/fall_data/SisFall_dataset/SisFall_dataset/SA13/D07_SA13_R01.csv,254
/home/tony/fall_research/fall_data/SisFall_dataset/SisFall_dataset/SA13/D10_SA13_R02.csv,255
/home/tony/fall_research/fall_data/SisFall_dataset/SisFall_dataset/SA13/D10_SA13_R05.csv,256
/home/tony/fall_research/fall_data/SisFall_dataset/SisFall_dataset/SA13/D09_SA13_R02.csv,257
/home/tony/fall_research/fall_data/SisFall_dataset/SisFall_dataset/SA13/D10_SA13_R03.csv,258
/home/tony/fall_research/fall_data/SisFall_dataset/SisFall_dataset/SA13/D09_SA13_R05.csv,259
/home/tony/fall_research/fall_data/SisFall_dataset/SisFall_dataset/SA13/D07_SA13_R02.csv,260
/home/tony/fall_research/fall_data/SisFall_dataset/SisFall_dataset/SA13/D08_SA13_R05.csv,261
/home/tony/fall_research/fall_data/SisFall_dataset/SisFall_dataset/SA14/D10_SA14_R05.csv,262
/home/tony/fall_research/fall_data/SisFall_dataset/SisFall_dataset/SA14/D08_SA14_R04.csv,263
/home/tony/fall_research/fall_data/SisFall_dataset/SisFall_dataset/SA14/D07_SA14_R01.csv,264
/home/tony/fall_research/fall_data/SisFall_dataset/SisFall_dataset/SA14/D07_SA14_R02.csv,265
/home/tony/fall_research/fall_data/SisFall_dataset/SisFall_dataset/SA14/D10_SA14_R02.csv,266
/home/tony/fall_research/fall_data/SisFall_dataset/SisFall_dataset/SA14/D09_SA14_R02.csv,267
/home/tony/fall_research/fall_data/SisFall_dataset/SisFall_dataset/SA14/D07_SA14_R05.csv,268
/home/tony/fall_research/fall_data/SisFall_dataset/SisFall_dataset/SA14/D07_SA14_R04.csv,269
/home/tony/fall_research/fall_data/SisFall_dataset/SisFall_dataset/SA14/D10_SA14_R03.csv,270
/home/tony/fall_research/fall_data/SisFall_dataset/SisFall_dataset/SA14/D07_SA14_R03.csv,271
/home/tony/fall_research/fall_data/SisFall_dataset/SisFall_dataset/SA14/D09_SA14_R03.csv,272
/home/tony/fall_research/fall_data/SisFall_dataset/SisFall_dataset/SA14/D08_SA14_R02.csv,273
/home/tony/fall_research/fall_data/SisFall_dataset/SisFall_dataset/SA14/D09_SA14_R04.csv,274
/home/tony/fall_research/fall_data/SisFall_dataset/SisFall_dataset/SA14/D09_SA14_R01.csv,275
/home/tony/fall_research/fall_data/SisFall_dataset/SisFall_dataset/SA14/D08_SA14_R03.csv,276
/home/tony/fall_research/fall_data/SisFall_dataset/SisFall_dataset/SA14/D10_SA14_R04.csv,277
/home/tony/fall_research/fall_data/SisFall_dataset/SisFall_dataset/SA14/D10_SA14_R01.csv,278
/home/tony/fall_research/fall_data/SisFall_dataset/SisFall_dataset/SA14/D08_SA14_R05.csv,279
/home/tony/fall_research/fall_data/SisFall_dataset/SisFall_dataset/SA14/D08_SA14_R01.csv,280
/home/tony/fall_research/fall_data/SisFall_dataset/SisFall_dataset/SA14/D09_SA14_R05.csv,281
/home/tony/fall_research/fall_data/SisFall_dataset/SisFall_dataset/SA15/D09_SA15_R01.csv,282
/home/tony/fall_research/fall_data/SisFall_dataset/SisFall_dataset/SA15/D07_SA15_R01.csv,283
/home/tony/fall_research/fall_data/SisFall_dataset/SisFall_dataset/SA15/D08_SA15_R01.csv,284
/home/tony/fall_research/fall_data/SisFall_dataset/SisFall_dataset/SA15/D08_SA15_R05.csv,285
/home/tony/fall_research/fall_data/SisFall_dataset/SisFall_dataset/SA15/D09_SA15_R04.csv,286
/home/tony/fall_research/fall_data/SisFall_dataset/SisFall_dataset/SA15/D09_SA15_R05.csv,287
/home/tony/fall_research/fall_data/SisFall_dataset/SisFall_dataset/SA15/D07_SA15_R04.csv,288
/home/tony/fall_research/fall_data/SisFall_dataset/SisFall_dataset/SA15/D10_SA15_R03.csv,289
/home/tony/fall_research/fall_data/SisFall_dataset/SisFall_dataset/SA15/D07_SA15_R02.csv,290
/home/tony/fall_research/fall_data/SisFall_dataset/SisFall_dataset/SA15/D09_SA15_R02.csv,291
/home/tony/fall_research/fall_data/SisFall_dataset/SisFall_dataset/SA15/D08_SA15_R04.csv,292
/home/tony/fall_research/fall_data/SisFall_dataset/SisFall_dataset/SA15/D07_SA15_R03.csv,293
/home/tony/fall_research/fall_data/SisFall_dataset/SisFall_dataset/SA15/D10_SA15_R01.csv,294
/home/tony/fall_research/fall_data/SisFall_dataset/SisFall_dataset/SA15/D07_SA15_R05.csv,295
/home/tony/fall_research/fall_data/SisFall_dataset/SisFall_dataset/SA15/D10_SA15_R05.csv,296
/home/tony/fall_research/fall_data/SisFall_dataset/SisFall_dataset/SA15/D10_SA15_R04.csv,297
/home/tony/fall_research/fall_data/SisFall_dataset/SisFall_dataset/SA15/D10_SA15_R02.csv,298
/home/tony/fall_research/fall_data/SisFall_dataset/SisFall_dataset/SA15/D09_SA15_R03.csv,299
/home/tony/fall_research/fall_data/SisFall_dataset/SisFall_dataset/SA15/D08_SA15_R03.csv,300
/home/tony/fall_research/fall_data/SisFall_dataset/SisFall_dataset/SA15/D08_SA15_R02.csv,301
/home/tony/fall_research/fall_data/SisFall_dataset/SisFall_dataset/SA16/D10_SA16_R01.csv,302
/home/tony/fall_research/fall_data/SisFall_dataset/SisFall_dataset/SA16/D08_SA16_R05.csv,303
/home/tony/fall_research/fall_data/SisFall_dataset/SisFall_dataset/SA16/D08_SA16_R01.csv,304
/home/tony/fall_research/fall_data/SisFall_dataset/SisFall_dataset/SA16/D09_SA16_R01.csv,305
/home/tony/fall_research/fall_data/SisFall_dataset/SisFall_dataset/SA16/D09_SA16_R04.csv,306
/home/tony/fall_research/fall_data/SisFall_dataset/SisFall_dataset/SA16/D08_SA16_R04.csv,307
/home/tony/fall_research/fall_data/SisFall_dataset/SisFall_dataset/SA16/D10_SA16_R04.csv,308
/home/tony/fall_research/fall_data/SisFall_dataset/SisFall_dataset/SA16/D10_SA16_R02.csv,309
/home/tony/fall_research/fall_data/SisFall_dataset/SisFall_dataset/SA16/D08_SA16_R03.csv,310
/home/tony/fall_research/fall_data/SisFall_dataset/SisFall_dataset/SA16/D07_SA16_R05.csv,311
/home/tony/fall_research/fall_data/SisFall_dataset/SisFall_dataset/SA16/D07_SA16_R03.csv,312
/home/tony/fall_research/fall_data/SisFall_dataset/SisFall_dataset/SA16/D09_SA16_R02.csv,313
/home/tony/fall_research/fall_data/SisFall_dataset/SisFall_dataset/SA16/D09_SA16_R03.csv,314
/home/tony/fall_research/fall_data/SisFall_dataset/SisFall_dataset/SA16/D10_SA16_R03.csv,315
/home/tony/fall_research/fall_data/SisFall_dataset/SisFall_dataset/SA16/D08_SA16_R02.csv,316
/home/tony/fall_research/fall_data/SisFall_dataset/SisFall_dataset/SA16/D09_SA16_R05.csv,317
/home/tony/fall_research/fall_data/SisFall_dataset/SisFall_dataset/SA16/D07_SA16_R02.csv,318
/home/tony/fall_research/fall_data/SisFall_dataset/SisFall_dataset/SA16/D07_SA16_R04.csv,319
/home/tony/fall_research/fall_data/SisFall_dataset/SisFall_dataset/SA16/D07_SA16_R01.csv,320
/home/tony/fall_research/fall_data/SisFall_dataset/SisFall_dataset/SA16/D10_SA16_R05.csv,321
/home/tony/fall_research/fall_data/SisFall_dataset/SisFall_dataset/SA17/D07_SA17_R01.csv,322
/home/tony/fall_research/fall_data/SisFall_dataset/SisFall_dataset/SA17/D08_SA17_R01.csv,323
/home/tony/fall_research/fall_data/SisFall_dataset/SisFall_dataset/SA17/D10_SA17_R02.csv,324
/home/tony/fall_research/fall_data/SisFall_dataset/SisFall_dataset/SA17/D10_SA17_R05.csv,325
/home/tony/fall_research/fall_data/SisFall_dataset/SisFall_dataset/SA17/D10_SA17_R03.csv,326
/home/tony/fall_research/fall_data/SisFall_dataset/SisFall_dataset/SA17/D10_SA17_R04.csv,327
/home/tony/fall_research/fall_data/SisFall_dataset/SisFall_dataset/SA17/D09_SA17_R04.csv,328
/home/tony/fall_research/fall_data/SisFall_dataset/SisFall_dataset/SA17/D08_SA17_R03.csv,329
/home/tony/fall_research/fall_data/SisFall_dataset/SisFall_dataset/SA17/D08_SA17_R04.csv,330
/home/tony/fall_research/fall_data/SisFall_dataset/SisFall_dataset/SA17/D08_SA17_R02.csv,331
/home/tony/fall_research/fall_data/SisFall_dataset/SisFall_dataset/SA17/D09_SA17_R01.csv,332
/home/tony/fall_research/fall_data/SisFall_dataset/SisFall_dataset/SA17/D09_SA17_R05.csv,333
/home/tony/fall_research/fall_data/SisFall_dataset/SisFall_dataset/SA17/D09_SA17_R02.csv,334
/home/tony/fall_research/fall_data/SisFall_dataset/SisFall_dataset/SA17/D07_SA17_R03.csv,335
/home/tony/fall_research/fall_data/SisFall_dataset/SisFall_dataset/SA17/D09_SA17_R03.csv,336
/home/tony/fall_research/fall_data/SisFall_dataset/SisFall_dataset/SA17/D08_SA17_R05.csv,337
/home/tony/fall_research/fall_data/SisFall_dataset/SisFall_dataset/SA17/D07_SA17_R05.csv,338
/home/tony/fall_research/fall_data/SisFall_dataset/SisFall_dataset/SA17/D10_SA17_R01.csv,339
/home/tony/fall_research/fall_data/SisFall_dataset/SisFall_dataset/SA17/D07_SA17_R02.csv,340
/home/tony/fall_research/fall_data/SisFall_dataset/SisFall_dataset/SA17/D07_SA17_R04.csv,341
/home/tony/fall_research/fall_data/SisFall_dataset/SisFall_dataset/SA18/D10_SA18_R02.csv,342
/home/tony/fall_research/fall_data/SisFall_dataset/SisFall_dataset/SA18/D09_SA18_R03.csv,343
/home/tony/fall_research/fall_data/SisFall_dataset/SisFall_dataset/SA18/D08_SA18_R05.csv,344
/home/tony/fall_research/fall_data/SisFall_dataset/SisFall_dataset/SA18/D09_SA18_R02.csv,345
/home/tony/fall_research/fall_data/SisFall_dataset/SisFall_dataset/SA18/D07_SA18_R02.csv,346
/home/tony/fall_research/fall_data/SisFall_dataset/SisFall_dataset/SA18/D08_SA18_R03.csv,347
/home/tony/fall_research/fall_data/SisFall_dataset/SisFall_dataset/SA18/D07_SA18_R03.csv,348
/home/tony/fall_research/fall_data/SisFall_dataset/SisFall_dataset/SA18/D08_SA18_R01.csv,349
/home/tony/fall_research/fall_data/SisFall_dataset/SisFall_dataset/SA18/D08_SA18_R04.csv,350
/home/tony/fall_research/fall_data/SisFall_dataset/SisFall_dataset/SA18/D07_SA18_R04.csv,351
/home/tony/fall_research/fall_data/SisFall_dataset/SisFall_dataset/SA18/D07_SA18_R01.csv,352
/home/tony/fall_research/fall_data/SisFall_dataset/SisFall_dataset/SA18/D09_SA18_R05.csv,353
/home/tony/fall_research/fall_data/SisFall_dataset/SisFall_dataset/SA18/D10_SA18_R04.csv,354
/home/tony/fall_research/fall_data/SisFall_dataset/SisFall_dataset/SA18/D09_SA18_R01.csv,355
/home/tony/fall_research/fall_data/SisFall_dataset/SisFall_dataset/SA18/D10_SA18_R03.csv,356
/home/tony/fall_research/fall_data/SisFall_dataset/SisFall_dataset/SA18/D07_SA18_R05.csv,357
/home/tony/fall_research/fall_data/SisFall_dataset/SisFall_dataset/SA18/D09_SA18_R04.csv,358
/home/tony/fall_research/fall_data/SisFall_dataset/SisFall_dataset/SA18/D08_SA18_R02.csv,359
/home/tony/fall_research/fall_data/SisFall_dataset/SisFall_dataset/SA18/D10_SA18_R01.csv,360
/home/tony/fall_research/fall_data/SisFall_dataset/SisFall_dataset/SA18/D10_SA18_R05.csv,361
/home/tony/fall_research/fall_data/SisFall_dataset/SisFall_dataset/SA19/D07_SA19_R04.csv,362
/home/tony/fall_research/fall_data/SisFall_dataset/SisFall_dataset/SA19/D07_SA19_R02.csv,363
/home/tony/fall_research/fall_data/SisFall_dataset/SisFall_dataset/SA19/D08_SA19_R01.csv,364
/home/tony/fall_research/fall_data/SisFall_dataset/SisFall_dataset/SA19/D09_SA19_R02.csv,365
/home/tony/fall_research/fall_data/SisFall_dataset/SisFall_dataset/SA19/D10_SA19_R02.csv,366
/home/tony/fall_research/fall_data/SisFall_dataset/SisFall_dataset/SA19/D08_SA19_R03.csv,367
/home/tony/fall_research/fall_data/SisFall_dataset/SisFall_dataset/SA19/D08_SA19_R04.csv,368
/home/tony/fall_research/fall_data/SisFall_dataset/SisFall_dataset/SA19/D09_SA19_R05.csv,369
/home/tony/fall_research/fall_data/SisFall_dataset/SisFall_dataset/SA19/D10_SA19_R04.csv,370
/home/tony/fall_research/fall_data/SisFall_dataset/SisFall_dataset/SA19/D09_SA19_R01.csv,371
/home/tony/fall_research/fall_data/SisFall_dataset/SisFall_dataset/SA19/D07_SA19_R03.csv,372
/home/tony/fall_research/fall_data/SisFall_dataset/SisFall_dataset/SA19/D10_SA19_R01.csv,373
/home/tony/fall_research/fall_data/SisFall_dataset/SisFall_dataset/SA19/D08_SA19_R05.csv,374
/home/tony/fall_research/fall_data/SisFall_dataset/SisFall_dataset/SA19/D09_SA19_R03.csv,375
/home/tony/fall_research/fall_data/SisFall_dataset/SisFall_dataset/SA19/D07_SA19_R01.csv,376
/home/tony/fall_research/fall_data/SisFall_dataset/SisFall_dataset/SA19/D09_SA19_R04.csv,377
/home/tony/fall_research/fall_data/SisFall_dataset/SisFall_dataset/SA19/D10_SA19_R03.csv,378
/home/tony/fall_research/fall_data/SisFall_dataset/SisFall_dataset/SA19/D07_SA19_R05.csv,379
/home/tony/fall_research/fall_data/SisFall_dataset/SisFall_dataset/SA19/D10_SA19_R05.csv,380
/home/tony/fall_research/fall_data/SisFall_dataset/SisFall_dataset/SA19/D08_SA19_R02.csv,381
/home/tony/fall_research/fall_data/SisFall_dataset/SisFall_dataset/SA20/D07_SA20_R02.csv,382
/home/tony/fall_research/fall_data/SisFall_dataset/SisFall_dataset/SA20/D10_SA20_R01.csv,383
/home/tony/fall_research/fall_data/SisFall_dataset/SisFall_dataset/SA20/D07_SA20_R01.csv,384
/home/tony/fall_research/fall_data/SisFall_dataset/SisFall_dataset/SA20/D07_SA20_R03.csv,385
/home/tony/fall_research/fall_data/SisFall_dataset/SisFall_dataset/SA20/D08_SA20_R01.csv,386
/home/tony/fall_research/fall_data/SisFall_dataset/SisFall_dataset/SA20/D09_SA20_R05.csv,387
/home/tony/fall_research/fall_data/SisFall_dataset/SisFall_dataset/SA20/D08_SA20_R04.csv,388
/home/tony/fall_research/fall_data/SisFall_dataset/SisFall_dataset/SA20/D10_SA20_R05.csv,389
/home/tony/fall_research/fall_data/SisFall_dataset/SisFall_dataset/SA20/D09_SA20_R02.csv,390
/home/tony/fall_research/fall_data/SisFall_dataset/SisFall_dataset/SA20/D08_SA20_R03.csv,391
/home/tony/fall_research/fall_data/SisFall_dataset/SisFall_dataset/SA20/D08_SA20_R02.csv,392
/home/tony/fall_research/fall_data/SisFall_dataset/SisFall_dataset/SA20/D10_SA20_R03.csv,393
/home/tony/fall_research/fall_data/SisFall_dataset/SisFall_dataset/SA20/D10_SA20_R04.csv,394
/home/tony/fall_research/fall_data/SisFall_dataset/SisFall_dataset/SA20/D08_SA20_R05.csv,395
/home/tony/fall_research/fall_data/SisFall_dataset/SisFall_dataset/SA20/D07_SA20_R05.csv,396
/home/tony/fall_research/fall_data/SisFall_dataset/SisFall_dataset/SA20/D10_SA20_R02.csv,397
/home/tony/fall_research/fall_data/SisFall_dataset/SisFall_dataset/SA20/D07_SA20_R04.csv,398
/home/tony/fall_research/fall_data/SisFall_dataset/SisFall_dataset/SA20/D09_SA20_R04.csv,399
/home/tony/fall_research/fall_data/SisFall_dataset/SisFall_dataset/SA20/D09_SA20_R03.csv,400
/home/tony/fall_research/fall_data/SisFall_dataset/SisFall_dataset/SA20/D09_SA20_R01.csv,401
/home/tony/fall_research/fall_data/SisFall_dataset/SisFall_dataset/SA21/D10_SA21_R05.csv,402
/home/tony/fall_research/fall_data/SisFall_dataset/SisFall_dataset/SA21/D10_SA21_R03.csv,403
/home/tony/fall_research/fall_data/SisFall_dataset/SisFall_dataset/SA21/D10_SA21_R02.csv,404
/home/tony/fall_research/fall_data/SisFall_dataset/SisFall_dataset/SA21/D07_SA21_R04.csv,405
/home/tony/fall_research/fall_data/SisFall_dataset/SisFall_dataset/SA21/D08_SA21_R02.csv,406
/home/tony/fall_research/fall_data/SisFall_dataset/SisFall_dataset/SA21/D09_SA21_R03.csv,407
/home/tony/fall_research/fall_data/SisFall_dataset/SisFall_dataset/SA21/D10_SA21_R04.csv,408
/home/tony/fall_research/fall_data/SisFall_dataset/SisFall_dataset/SA21/D08_SA21_R05.csv,409
/home/tony/fall_research/fall_data/SisFall_dataset/SisFall_dataset/SA21/D07_SA21_R01.csv,410
/home/tony/fall_research/fall_data/SisFall_dataset/SisFall_dataset/SA21/D09_SA21_R02.csv,411
/home/tony/fall_research/fall_data/SisFall_dataset/SisFall_dataset/SA21/D09_SA21_R01.csv,412
/home/tony/fall_research/fall_data/SisFall_dataset/SisFall_dataset/SA21/D10_SA21_R01.csv,413
/home/tony/fall_research/fall_data/SisFall_dataset/SisFall_dataset/SA21/D09_SA21_R04.csv,414
/home/tony/fall_research/fall_data/SisFall_dataset/SisFall_dataset/SA21/D08_SA21_R01.csv,415
/home/tony/fall_research/fall_data/SisFall_dataset/SisFall_dataset/SA21/D09_SA21_R05.csv,416
/home/tony/fall_research/fall_data/SisFall_dataset/SisFall_dataset/SA21/D07_SA21_R03.csv,417
/home/tony/fall_research/fall_data/SisFall_dataset/SisFall_dataset/SA21/D07_SA21_R02.csv,418
/home/tony/fall_research/fall_data/SisFall_dataset/SisFall_dataset/SA21/D07_SA21_R05.csv,419
/home/tony/fall_research/fall_data/SisFall_dataset/SisFall_dataset/SA21/D08_SA21_R03.csv,420
/home/tony/fall_research/fall_data/SisFall_dataset/SisFall_dataset/SA21/D08_SA21_R04.csv,421
/home/tony/fall_research/fall_data/SisFall_dataset/SisFall_dataset/SA22/D10_SA22_R01.csv,422
/home/tony/fall_research/fall_data/SisFall_dataset/SisFall_dataset/SA22/D10_SA22_R05.csv,423
/home/tony/fall_research/fall_data/SisFall_dataset/SisFall_dataset/SA22/D07_SA22_R02.csv,424
/home/tony/fall_research/fall_data/SisFall_dataset/SisFall_dataset/SA22/D08_SA22_R01.csv,425
/home/tony/fall_research/fall_data/SisFall_dataset/SisFall_dataset/SA22/D08_SA22_R05.csv,426
/home/tony/fall_research/fall_data/SisFall_dataset/SisFall_dataset/SA22/D08_SA22_R03.csv,427
/home/tony/fall_research/fall_data/SisFall_dataset/SisFall_dataset/SA22/D09_SA22_R02.csv,428
/home/tony/fall_research/fall_data/SisFall_dataset/SisFall_dataset/SA22/D09_SA22_R04.csv,429
/home/tony/fall_research/fall_data/SisFall_dataset/SisFall_dataset/SA22/D09_SA22_R01.csv,430
/home/tony/fall_research/fall_data/SisFall_dataset/SisFall_dataset/SA22/D09_SA22_R03.csv,431
/home/tony/fall_research/fall_data/SisFall_dataset/SisFall_dataset/SA22/D07_SA22_R04.csv,432
/home/tony/fall_research/fall_data/SisFall_dataset/SisFall_dataset/SA22/D10_SA22_R04.csv,433
/home/tony/fall_research/fall_data/SisFall_dataset/SisFall_dataset/SA22/D08_SA22_R02.csv,434
/home/tony/fall_research/fall_data/SisFall_dataset/SisFall_dataset/SA22/D08_SA22_R04.csv,435
/home/tony/fall_research/fall_data/SisFall_dataset/SisFall_dataset/SA22/D09_SA22_R05.csv,436
/home/tony/fall_research/fall_data/SisFall_dataset/SisFall_dataset/SA22/D10_SA22_R02.csv,437
/home/tony/fall_research/fall_data/SisFall_dataset/SisFall_dataset/SA22/D10_SA22_R03.csv,438
/home/tony/fall_research/fall_data/SisFall_dataset/SisFall_dataset/SA22/D07_SA22_R05.csv,439
/home/tony/fall_research/fall_data/SisFall_dataset/SisFall_dataset/SA22/D07_SA22_R03.csv,440
/home/tony/fall_research/fall_data/SisFall_dataset/SisFall_dataset/SA22/D07_SA22_R01.csv,441
/home/tony/fall_research/fall_data/SisFall_dataset/SisFall_dataset/SA23/D08_SA23_R03.csv,442
/home/tony/fall_research/fall_data/SisFall_dataset/SisFall_dataset/SA23/D10_SA23_R04.csv,443
/home/tony/fall_research/fall_data/SisFall_dataset/SisFall_dataset/SA23/D07_SA23_R05.csv,444
/home/tony/fall_research/fall_data/SisFall_dataset/SisFall_dataset/SA23/D09_SA23_R04.csv,445
/home/tony/fall_research/fall_data/SisFall_dataset/SisFall_dataset/SA23/D10_SA23_R05.csv,446
/home/tony/fall_research/fall_data/SisFall_dataset/SisFall_dataset/SA23/D07_SA23_R04.csv,447
/home/tony/fall_research/fall_data/SisFall_dataset/SisFall_dataset/SA23/D07_SA23_R03.csv,448
/home/tony/fall_research/fall_data/SisFall_dataset/SisFall_dataset/SA23/D08_SA23_R05.csv,449
/home/tony/fall_research/fall_data/SisFall_dataset/SisFall_dataset/SA23/D07_SA23_R01.csv,450
/home/tony/fall_research/fall_data/SisFall_dataset/SisFall_dataset/SA23/D09_SA23_R03.csv,451
/home/tony/fall_research/fall_data/SisFall_dataset/SisFall_dataset/SA23/D08_SA23_R04.csv,452
/home/tony/fall_research/fall_data/SisFall_dataset/SisFall_dataset/SA23/D10_SA23_R02.csv,453
/home/tony/fall_research/fall_data/SisFall_dataset/SisFall_dataset/SA23/D10_SA23_R03.csv,454
/home/tony/fall_research/fall_data/SisFall_dataset/SisFall_dataset/SA23/D09_SA23_R05.csv,455
/home/tony/fall_research/fall_data/SisFall_dataset/SisFall_dataset/SA23/D09_SA23_R01.csv,456
/home/tony/fall_research/fall_data/SisFall_dataset/SisFall_dataset/SA23/D08_SA23_R02.csv,457
/home/tony/fall_research/fall_data/SisFall_dataset/SisFall_dataset/SA23/D07_SA23_R02.csv,458
/home/tony/fall_research/fall_data/SisFall_dataset/SisFall_dataset/SA23/D08_SA23_R01.csv,459
/home/tony/fall_research/fall_data/SisFall_dataset/SisFall_dataset/SA23/D09_SA23_R02.csv,460
/home/tony/fall_research/fall_data/SisFall_dataset/SisFall_dataset/SA23/D10_SA23_R01.csv,461
/home/tony/fall_research/fall_data/SisFall_dataset/SisFall_dataset/SE01/D10_SE01_R02.csv,462
/home/tony/fall_research/fall_data/SisFall_dataset/SisFall_dataset/SE01/D08_SE01_R03.csv,463
/home/tony/fall_research/fall_data/SisFall_dataset/SisFall_dataset/SE01/D09_SE01_R01.csv,464
/home/tony/fall_research/fall_data/SisFall_dataset/SisFall_dataset/SE01/D09_SE01_R03.csv,465
/home/tony/fall_research/fall_data/SisFall_dataset/SisFall_dataset/SE01/D09_SE01_R05.csv,466
/home/tony/fall_research/fall_data/SisFall_dataset/SisFall_dataset/SE01/D07_SE01_R03.csv,467
/home/tony/fall_research/fall_data/SisFall_dataset/SisFall_dataset/SE01/D08_SE01_R05.csv,468
/home/tony/fall_research/fall_data/SisFall_dataset/SisFall_dataset/SE01/D10_SE01_R03.csv,469
/home/tony/fall_research/fall_data/SisFall_dataset/SisFall_dataset/SE01/D10_SE01_R05.csv,470
/home/tony/fall_research/fall_data/SisFall_dataset/SisFall_dataset/SE01/D10_SE01_R04.csv,471
/home/tony/fall_research/fall_data/SisFall_dataset/SisFall_dataset/SE01/D09_SE01_R02.csv,472
/home/tony/fall_research/fall_data/SisFall_dataset/SisFall_dataset/SE01/D08_SE01_R04.csv,473
/home/tony/fall_research/fall_data/SisFall_dataset/SisFall_dataset/SE01/D07_SE01_R01.csv,474
/home/tony/fall_research/fall_data/SisFall_dataset/SisFall_dataset/SE01/D07_SE01_R05.csv,475
/home/tony/fall_research/fall_data/SisFall_dataset/SisFall_dataset/SE01/D07_SE01_R04.csv,476
/home/tony/fall_research/fall_data/SisFall_dataset/SisFall_dataset/SE01/D09_SE01_R04.csv,477
/home/tony/fall_research/fall_data/SisFall_dataset/SisFall_dataset/SE01/D08_SE01_R02.csv,478
/home/tony/fall_research/fall_data/SisFall_dataset/SisFall_dataset/SE01/D07_SE01_R02.csv,479
/home/tony/fall_research/fall_data/SisFall_dataset/SisFall_dataset/SE01/D10_SE01_R01.csv,480
/home/tony/fall_research/fall_data/SisFall_dataset/SisFall_dataset/SE01/D08_SE01_R01.csv,481
/home/tony/fall_research/fall_data/SisFall_dataset/SisFall_dataset/SE02/D08_SE02_R03.csv,482
/home/tony/fall_research/fall_data/SisFall_dataset/SisFall_dataset/SE02/D07_SE02_R02.csv,483
/home/tony/fall_research/fall_data/SisFall_dataset/SisFall_dataset/SE02/D08_SE02_R02.csv,484
/home/tony/fall_research/fall_data/SisFall_dataset/SisFall_dataset/SE02/D08_SE02_R04.csv,485
/home/tony/fall_research/fall_data/SisFall_dataset/SisFall_dataset/SE02/D07_SE02_R05.csv,486
/home/tony/fall_research/fall_data/SisFall_dataset/SisFall_dataset/SE02/D07_SE02_R01.csv,487
/home/tony/fall_research/fall_data/SisFall_dataset/SisFall_dataset/SE02/D07_SE02_R04.csv,488
/home/tony/fall_research/fall_data/SisFall_dataset/SisFall_dataset/SE02/D08_SE02_R05.csv,489
/home/tony/fall_research/fall_data/SisFall_dataset/SisFall_dataset/SE02/D08_SE02_R01.csv,490
/home/tony/fall_research/fall_data/SisFall_dataset/SisFall_dataset/SE02/D07_SE02_R03.csv,491
/home/tony/fall_research/fall_data/SisFall_dataset/SisFall_dataset/SE03/D07_SE03_R04.csv,492
/home/tony/fall_research/fall_data/SisFall_dataset/SisFall_dataset/SE03/D07_SE03_R01.csv,493
/home/tony/fall_research/fall_data/SisFall_dataset/SisFall_dataset/SE03/D07_SE03_R02.csv,494
/home/tony/fall_research/fall_data/SisFall_dataset/SisFall_dataset/SE03/D10_SE03_R04.csv,495
/home/tony/fall_research/fall_data/SisFall_dataset/SisFall_dataset/SE03/D10_SE03_R05.csv,496
/home/tony/fall_research/fall_data/SisFall_dataset/SisFall_dataset/SE03/D09_SE03_R05.csv,497
/home/tony/fall_research/fall_data/SisFall_dataset/SisFall_dataset/SE03/D07_SE03_R03.csv,498
/home/tony/fall_research/fall_data/SisFall_dataset/SisFall_dataset/SE03/D10_SE03_R02.csv,499
/home/tony/fall_research/fall_data/SisFall_dataset/SisFall_dataset/SE03/D10_SE03_R03.csv,500
/home/tony/fall_research/fall_data/SisFall_dataset/SisFall_dataset/SE03/D08_SE03_R03.csv,501
/home/tony/fall_research/fall_data/SisFall_dataset/SisFall_dataset/SE03/D08_SE03_R02.csv,502
/home/tony/fall_research/fall_data/SisFall_dataset/SisFall_dataset/SE03/D09_SE03_R04.csv,503
/home/tony/fall_research/fall_data/SisFall_dataset/SisFall_dataset/SE03/D09_SE03_R02.csv,504
/home/tony/fall_research/fall_data/SisFall_dataset/SisFall_dataset/SE03/D10_SE03_R01.csv,505
/home/tony/fall_research/fall_data/SisFall_dataset/SisFall_dataset/SE03/D09_SE03_R03.csv,506
/home/tony/fall_research/fall_data/SisFall_dataset/SisFall_dataset/SE03/D08_SE03_R05.csv,507
/home/tony/fall_research/fall_data/SisFall_dataset/SisFall_dataset/SE03/D08_SE03_R04.csv,508
/home/tony/fall_research/fall_data/SisFall_dataset/SisFall_dataset/SE03/D09_SE03_R01.csv,509
/home/tony/fall_research/fall_data/SisFall_dataset/SisFall_dataset/SE03/D08_SE03_R01.csv,510
/home/tony/fall_research/fall_data/SisFall_dataset/SisFall_dataset/SE03/D07_SE03_R05.csv,511
/home/tony/fall_research/fall_data/SisFall_dataset/SisFall_dataset/SE04/D09_SE04_R01.csv,512
/home/tony/fall_research/fall_data/SisFall_dataset/SisFall_dataset/SE04/D08_SE04_R04.csv,513
/home/tony/fall_research/fall_data/SisFall_dataset/SisFall_dataset/SE04/D10_SE04_R01.csv,514
/home/tony/fall_research/fall_data/SisFall_dataset/SisFall_dataset/SE04/D08_SE04_R02.csv,515
/home/tony/fall_research/fall_data/SisFall_dataset/SisFall_dataset/SE04/D07_SE04_R04.csv,516
/home/tony/fall_research/fall_data/SisFall_dataset/SisFall_dataset/SE04/D07_SE04_R01.csv,517
/home/tony/fall_research/fall_data/SisFall_dataset/SisFall_dataset/SE04/D09_SE04_R03.csv,518
/home/tony/fall_research/fall_data/SisFall_dataset/SisFall_dataset/SE04/D09_SE04_R04.csv,519
/home/tony/fall_research/fall_data/SisFall_dataset/SisFall_dataset/SE04/D08_SE04_R05.csv,520
/home/tony/fall_research/fall_data/SisFall_dataset/SisFall_dataset/SE04/D07_SE04_R03.csv,521
/home/tony/fall_research/fall_data/SisFall_dataset/SisFall_dataset/SE04/D07_SE04_R05.csv,522
/home/tony/fall_research/fall_data/SisFall_dataset/SisFall_dataset/SE04/D09_SE04_R05.csv,523
/home/tony/fall_research/fall_data/SisFall_dataset/SisFall_dataset/SE04/D08_SE04_R01.csv,524
/home/tony/fall_research/fall_data/SisFall_dataset/SisFall_dataset/SE04/D10_SE04_R02.csv,525
/home/tony/fall_research/fall_data/SisFall_dataset/SisFall_dataset/SE04/D07_SE04_R02.csv,526
/home/tony/fall_research/fall_data/SisFall_dataset/SisFall_dataset/SE04/D10_SE04_R05.csv,527
/home/tony/fall_research/fall_data/SisFall_dataset/SisFall_dataset/SE04/D10_SE04_R03.csv,528
/home/tony/fall_research/fall_data/SisFall_dataset/SisFall_dataset/SE04/D09_SE04_R02.csv,529
/home/tony/fall_research/fall_data/SisFall_dataset/SisFall_dataset/SE04/D10_SE04_R04.csv,530
/home/tony/fall_research/fall_data/SisFall_dataset/SisFall_dataset/SE04/D08_SE04_R03.csv,531
/home/tony/fall_research/fall_data/SisFall_dataset/SisFall_dataset/SE05/D08_SE05_R04.csv,532
/home/tony/fall_research/fall_data/SisFall_dataset/SisFall_dataset/SE05/D09_SE05_R02.csv,533
/home/tony/fall_research/fall_data/SisFall_dataset/SisFall_dataset/SE05/D08_SE05_R02.csv,534
/home/tony/fall_research/fall_data/SisFall_dataset/SisFall_dataset/SE05/D10_SE05_R01.csv,535
/home/tony/fall_research/fall_data/SisFall_dataset/SisFall_dataset/SE05/D07_SE05_R04.csv,536
/home/tony/fall_research/fall_data/SisFall_dataset/SisFall_dataset/SE05/D10_SE05_R05.csv,537
/home/tony/fall_research/fall_data/SisFall_dataset/SisFall_dataset/SE05/D07_SE05_R05.csv,538
/home/tony/fall_research/fall_data/SisFall_dataset/SisFall_dataset/SE05/D09_SE05_R04.csv,539
/home/tony/fall_research/fall_data/SisFall_dataset/SisFall_dataset/SE05/D08_SE05_R01.csv,540
/home/tony/fall_research/fall_data/SisFall_dataset/SisFall_dataset/SE05/D08_SE05_R03.csv,541
/home/tony/fall_research/fall_data/SisFall_dataset/SisFall_dataset/SE05/D09_SE05_R01.csv,542
/home/tony/fall_research/fall_data/SisFall_dataset/SisFall_dataset/SE05/D09_SE05_R05.csv,543
/home/tony/fall_research/fall_data/SisFall_dataset/SisFall_dataset/SE05/D10_SE05_R02.csv,544
/home/tony/fall_research/fall_data/SisFall_dataset/SisFall_dataset/SE05/D07_SE05_R01.csv,545
/home/tony/fall_research/fall_data/SisFall_dataset/SisFall_dataset/SE05/D08_SE05_R05.csv,546
/home/tony/fall_research/fall_data/SisFall_dataset/SisFall_dataset/SE05/D09_SE05_R03.csv,547
/home/tony/fall_research/fall_data/SisFall_dataset/SisFall_dataset/SE05/D07_SE05_R03.csv,548
/home/tony/fall_research/fall_data/SisFall_dataset/SisFall_dataset/SE05/D10_SE05_R04.csv,549
/home/tony/fall_research/fall_data/SisFall_dataset/SisFall_dataset/SE05/D07_SE05_R02.csv,550
/home/tony/fall_research/fall_data/SisFall_dataset/SisFall_dataset/SE05/D10_SE05_R03.csv,551
/home/tony/fall_research/fall_data/SisFall_dataset/SisFall_dataset/SE06/D09_SE06_R04.csv,552
/home/tony/fall_research/fall_data/SisFall_dataset/SisFall_dataset/SE06/D08_SE06_R02.csv,553
/home/tony/fall_research/fall_data/SisFall_dataset/SisFall_dataset/SE06/D08_SE06_R04.csv,554
/home/tony/fall_research/fall_data/SisFall_dataset/SisFall_dataset/SE06/D10_SE06_R01.csv,555
/home/tony/fall_research/fall_data/SisFall_dataset/SisFall_dataset/SE06/D07_SE06_R02.csv,556
/home/tony/fall_research/fall_data/SisFall_dataset/SisFall_dataset/SE06/D08_SE06_R01.csv,557
/home/tony/fall_research/fall_data/SisFall_dataset/SisFall_dataset/SE06/D07_SE06_R04.csv,558
/home/tony/fall_research/fall_data/SisFall_dataset/SisFall_dataset/SE06/D07_SE06_R03.csv,559
/home/tony/fall_research/fall_data/SisFall_dataset/SisFall_dataset/SE06/D09_SE06_R03.csv,560
/home/tony/fall_research/fall_data/SisFall_dataset/SisFall_dataset/SE06/D10_SE06_R05.csv,561
/home/tony/fall_research/fall_data/SisFall_dataset/SisFall_dataset/SE06/D08_SE06_R05.csv,562
/home/tony/fall_research/fall_data/SisFall_dataset/SisFall_dataset/SE06/D07_SE06_R05.csv,563
/home/tony/fall_research/fall_data/SisFall_dataset/SisFall_dataset/SE06/D07_SE06_R01.csv,564
/home/tony/fall_research/fall_data/SisFall_dataset/SisFall_dataset/SE06/D10_SE06_R03.csv,565
/home/tony/fall_research/fall_data/SisFall_dataset/SisFall_dataset/SE06/D09_SE06_R05.csv,566
/home/tony/fall_research/fall_data/SisFall_dataset/SisFall_dataset/SE06/D10_SE06_R04.csv,567
/home/tony/fall_research/fall_data/SisFall_dataset/SisFall_dataset/SE06/D10_SE06_R02.csv,568
/home/tony/fall_research/fall_data/SisFall_dataset/SisFall_dataset/SE06/D09_SE06_R01.csv,569
/home/tony/fall_research/fall_data/SisFall_dataset/SisFall_dataset/SE06/D08_SE06_R03.csv,570
/home/tony/fall_research/fall_data/SisFall_dataset/SisFall_dataset/SE06/D09_SE06_R02.csv,571
/home/tony/fall_research/fall_data/SisFall_dataset/SisFall_dataset/SE07/D10_SE07_R03.csv,572
/home/tony/fall_research/fall_data/SisFall_dataset/SisFall_dataset/SE07/D08_SE07_R01.csv,573
/home/tony/fall_research/fall_data/SisFall_dataset/SisFall_dataset/SE07/D10_SE07_R04.csv,574
/home/tony/fall_research/fall_data/SisFall_dataset/SisFall_dataset/SE07/D07_SE07_R05.csv,575
/home/tony/fall_research/fall_data/SisFall_dataset/SisFall_dataset/SE07/D10_SE07_R05.csv,576
/home/tony/fall_research/fall_data/SisFall_dataset/SisFall_dataset/SE07/D08_SE07_R05.csv,577
/home/tony/fall_research/fall_data/SisFall_dataset/SisFall_dataset/SE07/D10_SE07_R02.csv,578
/home/tony/fall_research/fall_data/SisFall_dataset/SisFall_dataset/SE07/D09_SE07_R02.csv,579
/home/tony/fall_research/fall_data/SisFall_dataset/SisFall_dataset/SE07/D07_SE07_R03.csv,580
/home/tony/fall_research/fall_data/SisFall_dataset/SisFall_dataset/SE07/D07_SE07_R02.csv,581
/home/tony/fall_research/fall_data/SisFall_dataset/SisFall_dataset/SE07/D08_SE07_R02.csv,582
/home/tony/fall_research/fall_data/SisFall_dataset/SisFall_dataset/SE07/D09_SE07_R01.csv,583
/home/tony/fall_research/fall_data/SisFall_dataset/SisFall_dataset/SE07/D07_SE07_R01.csv,584
/home/tony/fall_research/fall_data/SisFall_dataset/SisFall_dataset/SE07/D08_SE07_R04.csv,585
/home/tony/fall_research/fall_data/SisFall_dataset/SisFall_dataset/SE07/D07_SE07_R04.csv,586
/home/tony/fall_research/fall_data/SisFall_dataset/SisFall_dataset/SE07/D09_SE07_R05.csv,587
/home/tony/fall_research/fall_data/SisFall_dataset/SisFall_dataset/SE07/D08_SE07_R03.csv,588
/home/tony/fall_research/fall_data/SisFall_dataset/SisFall_dataset/SE07/D10_SE07_R01.csv,589
/home/tony/fall_research/fall_data/SisFall_dataset/SisFall_dataset/SE07/D09_SE07_R03.csv,590
/home/tony/fall_research/fall_data/SisFall_dataset/SisFall_dataset/SE07/D09_SE07_R04.csv,591
/home/tony/fall_research/fall_data/SisFall_dataset/SisFall_dataset/SE08/D09_SE08_R02.csv,592
/home/tony/fall_research/fall_data/SisFall_dataset/SisFall_dataset/SE08/D07_SE08_R01.csv,593
/home/tony/fall_research/fall_data/SisFall_dataset/SisFall_dataset/SE08/D09_SE08_R01.csv,594
/home/tony/fall_research/fall_data/SisFall_dataset/SisFall_dataset/SE08/D08_SE08_R01.csv,595
/home/tony/fall_research/fall_data/SisFall_dataset/SisFall_dataset/SE08/D09_SE08_R04.csv,596
/home/tony/fall_research/fall_data/SisFall_dataset/SisFall_dataset/SE08/D08_SE08_R02.csv,597
/home/tony/fall_research/fall_data/SisFall_dataset/SisFall_dataset/SE08/D10_SE08_R02.csv,598
/home/tony/fall_research/fall_data/SisFall_dataset/SisFall_dataset/SE08/D07_SE08_R05.csv,599
/home/tony/fall_research/fall_data/SisFall_dataset/SisFall_dataset/SE08/D08_SE08_R03.csv,600
/home/tony/fall_research/fall_data/SisFall_dataset/SisFall_dataset/SE08/D07_SE08_R02.csv,601
/home/tony/fall_research/fall_data/SisFall_dataset/SisFall_dataset/SE08/D08_SE08_R04.csv,602
/home/tony/fall_research/fall_data/SisFall_dataset/SisFall_dataset/SE08/D10_SE08_R05.csv,603
/home/tony/fall_research/fall_data/SisFall_dataset/SisFall_dataset/SE08/D10_SE08_R04.csv,604
/home/tony/fall_research/fall_data/SisFall_dataset/SisFall_dataset/SE08/D09_SE08_R05.csv,605
/home/tony/fall_research/fall_data/SisFall_dataset/SisFall_dataset/SE08/D07_SE08_R04.csv,606
/home/tony/fall_research/fall_data/SisFall_dataset/SisFall_dataset/SE08/D09_SE08_R03.csv,607
/home/tony/fall_research/fall_data/SisFall_dataset/SisFall_dataset/SE08/D10_SE08_R01.csv,608
/home/tony/fall_research/fall_data/SisFall_dataset/SisFall_dataset/SE08/D10_SE08_R03.csv,609
/home/tony/fall_research/fall_data/SisFall_dataset/SisFall_dataset/SE08/D08_SE08_R05.csv,610
/home/tony/fall_research/fall_data/SisFall_dataset/SisFall_dataset/SE08/D07_SE08_R03.csv,611
/home/tony/fall_research/fall_data/SisFall_dataset/SisFall_dataset/SE09/D09_SE09_R03.csv,612
/home/tony/fall_research/fall_data/SisFall_dataset/SisFall_dataset/SE09/D09_SE09_R04.csv,613
/home/tony/fall_research/fall_data/SisFall_dataset/SisFall_dataset/SE09/D07_SE09_R05.csv,614
/home/tony/fall_research/fall_data/SisFall_dataset/SisFall_dataset/SE09/D07_SE09_R04.csv,615
/home/tony/fall_research/fall_data/SisFall_dataset/SisFall_dataset/SE09/D07_SE09_R02.csv,616
/home/tony/fall_research/fall_data/SisFall_dataset/SisFall_dataset/SE09/D09_SE09_R05.csv,617
/home/tony/fall_research/fall_data/SisFall_dataset/SisFall_dataset/SE09/D10_SE09_R03.csv,618
/home/tony/fall_research/fall_data/SisFall_dataset/SisFall_dataset/SE09/D09_SE09_R01.csv,619
/home/tony/fall_research/fall_data/SisFall_dataset/SisFall_dataset/SE09/D08_SE09_R04.csv,620
/home/tony/fall_research/fall_data/SisFall_dataset/SisFall_dataset/SE09/D08_SE09_R05.csv,621
/home/tony/fall_research/fall_data/SisFall_dataset/SisFall_dataset/SE09/D10_SE09_R05.csv,622
/home/tony/fall_research/fall_data/SisFall_dataset/SisFall_dataset/SE09/D10_SE09_R04.csv,623
/home/tony/fall_research/fall_data/SisFall_dataset/SisFall_dataset/SE09/D10_SE09_R01.csv,624
/home/tony/fall_research/fall_data/SisFall_dataset/SisFall_dataset/SE09/D07_SE09_R03.csv,625
/home/tony/fall_research/fall_data/SisFall_dataset/SisFall_dataset/SE09/D07_SE09_R01.csv,626
/home/tony/fall_research/fall_data/SisFall_dataset/SisFall_dataset/SE09/D09_SE09_R02.csv,627
/home/tony/fall_research/fall_data/SisFall_dataset/SisFall_dataset/SE09/D10_SE09_R02.csv,628
/home/tony/fall_research/fall_data/SisFall_dataset/SisFall_dataset/SE09/D08_SE09_R01.csv,629
/home/tony/fall_research/fall_data/SisFall_dataset/SisFall_dataset/SE09/D08_SE09_R02.csv,630
/home/tony/fall_research/fall_data/SisFall_dataset/SisFall_dataset/SE09/D08_SE09_R03.csv,631
/home/tony/fall_research/fall_data/SisFall_dataset/SisFall_dataset/SE10/D10_SE10_R05.csv,632
/home/tony/fall_research/fall_data/SisFall_dataset/SisFall_dataset/SE10/D07_SE10_R05.csv,633
/home/tony/fall_research/fall_data/SisFall_dataset/SisFall_dataset/SE10/D07_SE10_R02.csv,634
/home/tony/fall_research/fall_data/SisFall_dataset/SisFall_dataset/SE10/D09_SE10_R01.csv,635
/home/tony/fall_research/fall_data/SisFall_dataset/SisFall_dataset/SE10/D09_SE10_R03.csv,636
/home/tony/fall_research/fall_data/SisFall_dataset/SisFall_dataset/SE10/D09_SE10_R02.csv,637
/home/tony/fall_research/fall_data/SisFall_dataset/SisFall_dataset/SE10/D10_SE10_R04.csv,638
/home/tony/fall_research/fall_data/SisFall_dataset/SisFall_dataset/SE10/D09_SE10_R04.csv,639
/home/tony/fall_research/fall_data/SisFall_dataset/SisFall_dataset/SE10/D10_SE10_R03.csv,640
/home/tony/fall_research/fall_data/SisFall_dataset/SisFall_dataset/SE10/D07_SE10_R01.csv,641
/home/tony/fall_research/fall_data/SisFall_dataset/SisFall_dataset/SE10/D07_SE10_R04.csv,642
/home/tony/fall_research/fall_data/SisFall_dataset/SisFall_dataset/SE10/D10_SE10_R01.csv,643
/home/tony/fall_research/fall_data/SisFall_dataset/SisFall_dataset/SE10/D09_SE10_R05.csv,644
/home/tony/fall_research/fall_data/SisFall_dataset/SisFall_dataset/SE10/D08_SE10_R02.csv,645
/home/tony/fall_research/fall_data/SisFall_dataset/SisFall_dataset/SE10/D10_SE10_R02.csv,646
/home/tony/fall_research/fall_data/SisFall_dataset/SisFall_dataset/SE10/D08_SE10_R03.csv,647
/home/tony/fall_research/fall_data/SisFall_dataset/SisFall_dataset/SE10/D08_SE10_R01.csv,648
/home/tony/fall_research/fall_data/SisFall_dataset/SisFall_dataset/SE10/D08_SE10_R05.csv,649
/home/tony/fall_research/fall_data/SisFall_dataset/SisFall_dataset/SE10/D07_SE10_R03.csv,650
/home/tony/fall_research/fall_data/SisFall_dataset/SisFall_dataset/SE10/D08_SE10_R04.csv,651
/home/tony/fall_research/fall_data/SisFall_dataset/SisFall_dataset/SE11/D08_SE11_R02.csv,652
/home/tony/fall_research/fall_data/SisFall_dataset/SisFall_dataset/SE11/D10_SE11_R02.csv,653
/home/tony/fall_research/fall_data/SisFall_dataset/SisFall_dataset/SE11/D08_SE11_R03.csv,654
/home/tony/fall_research/fall_data/SisFall_dataset/SisFall_dataset/SE11/D07_SE11_R03.csv,655
/home/tony/fall_research/fall_data/SisFall_dataset/SisFall_dataset/SE11/D07_SE11_R04.csv,656
/home/tony/fall_research/fall_data/SisFall_dataset/SisFall_dataset/SE11/D07_SE11_R05.csv,657
/home/tony/fall_research/fall_data/SisFall_dataset/SisFall_dataset/SE11/D10_SE11_R03.csv,658
/home/tony/fall_research/fall_data/SisFall_dataset/SisFall_dataset/SE11/D08_SE11_R01.csv,659
/home/tony/fall_research/fall_data/SisFall_dataset/SisFall_dataset/SE11/D09_SE11_R02.csv,660
/home/tony/fall_research/fall_data/SisFall_dataset/SisFall_dataset/SE11/D08_SE11_R04.csv,661
/home/tony/fall_research/fall_data/SisFall_dataset/SisFall_dataset/SE11/D09_SE11_R01.csv,662
/home/tony/fall_research/fall_data/SisFall_dataset/SisFall_dataset/SE11/D09_SE11_R03.csv,663
/home/tony/fall_research/fall_data/SisFall_dataset/SisFall_dataset/SE11/D07_SE11_R01.csv,664
/home/tony/fall_research/fall_data/SisFall_dataset/SisFall_dataset/SE11/D07_SE11_R02.csv,665
/home/tony/fall_research/fall_data/SisFall_dataset/SisFall_dataset/SE11/D10_SE11_R04.csv,666
/home/tony/fall_research/fall_data/SisFall_dataset/SisFall_dataset/SE11/D09_SE11_R04.csv,667
/home/tony/fall_research/fall_data/SisFall_dataset/SisFall_dataset/SE11/D10_SE11_R01.csv,668
/home/tony/fall_research/fall_data/SisFall_dataset/SisFall_dataset/SE11/D10_SE11_R05.csv,669
/home/tony/fall_research/fall_data/SisFall_dataset/SisFall_dataset/SE11/D08_SE11_R05.csv,670
/home/tony/fall_research/fall_data/SisFall_dataset/SisFall_dataset/SE11/D09_SE11_R05.csv,671
/home/tony/fall_research/fall_data/SisFall_dataset/SisFall_dataset/SE12/D08_SE12_R05.csv,672
/home/tony/fall_research/fall_data/SisFall_dataset/SisFall_dataset/SE12/D10_SE12_R02.csv,673
/home/tony/fall_research/fall_data/SisFall_dataset/SisFall_dataset/SE12/D09_SE12_R03.csv,674
/home/tony/fall_research/fall_data/SisFall_dataset/SisFall_dataset/SE12/D09_SE12_R04.csv,675
/home/tony/fall_research/fall_data/SisFall_dataset/SisFall_dataset/SE12/D08_SE12_R01.csv,676
/home/tony/fall_research/fall_data/SisFall_dataset/SisFall_dataset/SE12/D08_SE12_R02.csv,677
/home/tony/fall_research/fall_data/SisFall_dataset/SisFall_dataset/SE12/D10_SE12_R04.csv,678
/home/tony/fall_research/fall_data/SisFall_dataset/SisFall_dataset/SE12/D09_SE12_R01.csv,679
/home/tony/fall_research/fall_data/SisFall_dataset/SisFall_dataset/SE12/D10_SE12_R03.csv,680
/home/tony/fall_research/fall_data/SisFall_dataset/SisFall_dataset/SE12/D09_SE12_R05.csv,681
/home/tony/fall_research/fall_data/SisFall_dataset/SisFall_dataset/SE12/D07_SE12_R02.csv,682
/home/tony/fall_research/fall_data/SisFall_dataset/SisFall_dataset/SE12/D07_SE12_R01.csv,683
/home/tony/fall_research/fall_data/SisFall_dataset/SisFall_dataset/SE12/D09_SE12_R02.csv,684
/home/tony/fall_research/fall_data/SisFall_dataset/SisFall_dataset/SE12/D07_SE12_R05.csv,685
/home/tony/fall_research/fall_data/SisFall_dataset/SisFall_dataset/SE12/D07_SE12_R03.csv,686
/home/tony/fall_research/fall_data/SisFall_dataset/SisFall_dataset/SE12/D07_SE12_R04.csv,687
/home/tony/fall_research/fall_data/SisFall_dataset/SisFall_dataset/SE12/D10_SE12_R01.csv,688
/home/tony/fall_research/fall_data/SisFall_dataset/SisFall_dataset/SE12/D08_SE12_R04.csv,689
/home/tony/fall_research/fall_data/SisFall_dataset/SisFall_dataset/SE12/D08_SE12_R03.csv,690
/home/tony/fall_research/fall_data/SisFall_dataset/SisFall_dataset/SE12/D10_SE12_R05.csv,691
/home/tony/fall_research/fall_data/SisFall_dataset/SisFall_dataset/SE13/D10_SE13_R03.csv,692
/home/tony/fall_research/fall_data/SisFall_dataset/SisFall_dataset/SE13/D07_SE13_R02.csv,693
/home/tony/fall_research/fall_data/SisFall_dataset/SisFall_dataset/SE13/D09_SE13_R02.csv,694
/home/tony/fall_research/fall_data/SisFall_dataset/SisFall_dataset/SE13/D10_SE13_R01.csv,695
/home/tony/fall_research/fall_data/SisFall_dataset/SisFall_dataset/SE13/D08_SE13_R02.csv,696
/home/tony/fall_research/fall_data/SisFall_dataset/SisFall_dataset/SE13/D07_SE13_R03.csv,697
/home/tony/fall_research/fall_data/SisFall_dataset/SisFall_dataset/SE13/D09_SE13_R05.csv,698
/home/tony/fall_research/fall_data/SisFall_dataset/SisFall_dataset/SE13/D09_SE13_R03.csv,699
/home/tony/fall_research/fall_data/SisFall_dataset/SisFall_dataset/SE13/D08_SE13_R05.csv,700
/home/tony/fall_research/fall_data/SisFall_dataset/SisFall_dataset/SE13/D08_SE13_R04.csv,701
/home/tony/fall_research/fall_data/SisFall_dataset/SisFall_dataset/SE13/D10_SE13_R04.csv,702
/home/tony/fall_research/fall_data/SisFall_dataset/SisFall_dataset/SE13/D07_SE13_R05.csv,703
/home/tony/fall_research/fall_data/SisFall_dataset/SisFall_dataset/SE13/D07_SE13_R01.csv,704
/home/tony/fall_research/fall_data/SisFall_dataset/SisFall_dataset/SE13/D08_SE13_R01.csv,705
/home/tony/fall_research/fall_data/SisFall_dataset/SisFall_dataset/SE13/D09_SE13_R01.csv,706
/home/tony/fall_research/fall_data/SisFall_dataset/SisFall_dataset/SE13/D08_SE13_R03.csv,707
/home/tony/fall_research/fall_data/SisFall_dataset/SisFall_dataset/SE13/D10_SE13_R05.csv,708
/home/tony/fall_research/fall_data/SisFall_dataset/SisFall_dataset/SE13/D10_SE13_R02.csv,709
/home/tony/fall_research/fall_data/SisFall_dataset/SisFall_dataset/SE13/D09_SE13_R04.csv,710
/home/tony/fall_research/fall_data/SisFall_dataset/SisFall_dataset/SE13/D07_SE13_R04.csv,711
/home/tony/fall_research/fall_data/SisFall_dataset/SisFall_dataset/SE14/D08_SE14_R04.csv,712
/home/tony/fall_research/fall_data/SisFall_dataset/SisFall_dataset/SE14/D08_SE14_R01.csv,713
/home/tony/fall_research/fall_data/SisFall_dataset/SisFall_dataset/SE14/D09_SE14_R05.csv,714
/home/tony/fall_research/fall_data/SisFall_dataset/SisFall_dataset/SE14/D08_SE14_R05.csv,715
/home/tony/fall_research/fall_data/SisFall_dataset/SisFall_dataset/SE14/D10_SE14_R03.csv,716
/home/tony/fall_research/fall_data/SisFall_dataset/SisFall_dataset/SE14/D09_SE14_R02.csv,717
/home/tony/fall_research/fall_data/SisFall_dataset/SisFall_dataset/SE14/D10_SE14_R04.csv,718
/home/tony/fall_research/fall_data/SisFall_dataset/SisFall_dataset/SE14/D07_SE14_R05.csv,719
/home/tony/fall_research/fall_data/SisFall_dataset/SisFall_dataset/SE14/D07_SE14_R02.csv,720
/home/tony/fall_research/fall_data/SisFall_dataset/SisFall_dataset/SE14/D07_SE14_R06.csv,721
/home/tony/fall_research/fall_data/SisFall_dataset/SisFall_dataset/SE14/D08_SE14_R02.csv,722
/home/tony/fall_research/fall_data/SisFall_dataset/SisFall_dataset/SE14/D08_SE14_R03.csv,723
/home/tony/fall_research/fall_data/SisFall_dataset/SisFall_dataset/SE14/D10_SE14_R02.csv,724
/home/tony/fall_research/fall_data/SisFall_dataset/SisFall_dataset/SE14/D10_SE14_R05.csv,725
/home/tony/fall_research/fall_data/SisFall_dataset/SisFall_dataset/SE14/D07_SE14_R03.csv,726
/home/tony/fall_research/fall_data/SisFall_dataset/SisFall_dataset/SE14/D09_SE14_R01.csv,727
/home/tony/fall_research/fall_data/SisFall_dataset/SisFall_dataset/SE14/D09_SE14_R04.csv,728
/home/tony/fall_research/fall_data/SisFall_dataset/SisFall_dataset/SE14/D09_SE14_R03.csv,729
/home/tony/fall_research/fall_data/SisFall_dataset/SisFall_dataset/SE14/D10_SE14_R01.csv,730
/home/tony/fall_research/fall_data/SisFall_dataset/SisFall_dataset/SE14/D07_SE14_R01.csv,731
/home/tony/fall_research/fall_data/SisFall_dataset/SisFall_dataset/SE15/D10_SE15_R03.csv,732
/home/tony/fall_research/fall_data/SisFall_dataset/SisFall_dataset/SE15/D07_SE15_R03.csv,733
/home/tony/fall_research/fall_data/SisFall_dataset/SisFall_dataset/SE15/D10_SE15_R05.csv,734
/home/tony/fall_research/fall_data/SisFall_dataset/SisFall_dataset/SE15/D09_SE15_R04.csv,735
/home/tony/fall_research/fall_data/SisFall_dataset/SisFall_dataset/SE15/D08_SE15_R01.csv,736
/home/tony/fall_research/fall_data/SisFall_dataset/SisFall_dataset/SE15/D09_SE15_R03.csv,737
/home/tony/fall_research/fall_data/SisFall_dataset/SisFall_dataset/SE15/D07_SE15_R01.csv,738
/home/tony/fall_research/fall_data/SisFall_dataset/SisFall_dataset/SE15/D08_SE15_R05.csv,739
/home/tony/fall_research/fall_data/SisFall_dataset/SisFall_dataset/SE15/D07_SE15_R02.csv,740
/home/tony/fall_research/fall_data/SisFall_dataset/SisFall_dataset/SE15/D08_SE15_R04.csv,741
/home/tony/fall_research/fall_data/SisFall_dataset/SisFall_dataset/SE15/D08_SE15_R02.csv,742
/home/tony/fall_research/fall_data/SisFall_dataset/SisFall_dataset/SE15/D10_SE15_R01.csv,743
/home/tony/fall_research/fall_data/SisFall_dataset/SisFall_dataset/SE15/D08_SE15_R03.csv,744
/home/tony/fall_research/fall_data/SisFall_dataset/SisFall_dataset/SE15/D10_SE15_R04.csv,745
/home/tony/fall_research/fall_data/SisFall_dataset/SisFall_dataset/SE15/D07_SE15_R04.csv,746
/home/tony/fall_research/fall_data/SisFall_dataset/SisFall_dataset/SE15/D10_SE15_R02.csv,747
/home/tony/fall_research/fall_data/SisFall_dataset/SisFall_dataset/SE15/D09_SE15_R05.csv,748
/home/tony/fall_research/fall_data/SisFall_dataset/SisFall_dataset/SE15/D09_SE15_R02.csv,749
/home/tony/fall_research/fall_data/SisFall_dataset/SisFall_dataset/SE15/D07_SE15_R05.csv,750
/home/tony/fall_research/fall_data/SisFall_dataset/SisFall_dataset/SE15/D09_SE15_R01.csv,751
